[
  {
    "id": "46e717f3-ad9d-40bd-ac09-4ae40d1b7045",
    "data": [
      {
        "text": "what date is ",
        "userDefined": false
      },
      {
        "text": "today",
        "meta": "@sys.date",
        "alias": "date",
        "userDefined": false
      }
    ],
    "isTemplate": false,
    "count": 0,
    "lang": "en",
    "updated": 0
  },
  {
    "id": "2dc6d9b5-03ca-4b0e-83d4-d5859107b4d0",
    "data": [
      {
        "text": "what date is it on ",
        "userDefined": false
      },
      {
        "text": "Thursday",
        "meta": "@sys.date",
        "alias": "date",
        "userDefined": true
      }
    ],
    "isTemplate": false,
    "count": 0,
    "lang": "en",
    "updated": 0
  },
  {
    "id": "6d2ce9bf-4066-4ebe-bd38-34d789b9fd40",
    "data": [
      {
        "text": "what date is the ",
        "userDefined": false
      },
      {
        "text": "next Friday",
        "meta": "@sys.date",
        "alias": "date",
        "userDefined": true
      }
    ],
    "isTemplate": false,
    "count": 0,
    "lang": "en",
    "updated": 0
  },
  {
    "id": "e274098f-8ccf-4be5-a3e3-e297109e5571",
    "data": [
      {
        "text": "what date is ",
        "userDefined": false
      },
      {
        "text": "tomorrow",
        "meta": "@sys.date",
        "alias": "date",
        "userDefined": true
      }
    ],
    "isTemplate": false,
    "count": 0,
    "lang": "en",
    "updated": 0
  },
  {
    "id": "b2c93f11-e358-4a28-9b94-84f6cb9c3175",
    "data": [
      {
        "text": "what will be the date ",
        "userDefined": false
      },
      {
        "text": "30 days from now",
        "meta": "@sys.date",
        "alias": "date",
        "userDefined": true
      }
    ],
    "isTemplate": false,
    "count": 0,
    "lang": "en",
    "updated": 0
  },
  {
    "id": "b9057c0f-7491-438f-b8c0-ee048d1c6b58",
    "data": [
      {
        "text": "tell me the date ",
        "userDefined": false
      },
      {
        "text": "19 weeks from today",
        "meta": "@sys.date",
        "alias": "date",
        "userDefined": true
      }
    ],
    "isTemplate": false,
    "count": 0,
    "lang": "en",
    "updated": 0
  },
  {
    "id": "b94cc869-eb59-4c75-9bd1-70a091b7f132",
    "data": [
      {
        "text": "date ",
        "userDefined": false
      },
      {
        "text": "today",
        "meta": "@sys.date",
        "alias": "date",
        "userDefined": false
      }
    ],
    "isTemplate": false,
    "count": 0,
    "lang": "en",
    "updated": 0
  },
  {
    "id": "bf1fb358-ee40-4e79-b2fe-127719841f30",
    "data": [
      {
        "text": "today\u0027s",
        "meta": "@sys.date",
        "alias": "date",
        "userDefined": true
      },
      {
        "text": " date",
        "userDefined": false
      }
    ],
    "isTemplate": false,
    "count": 0,
    "lang": "en",
    "updated": 0
  }
]