[
  {
    "id": "ef8fd2b1-e02c-4585-b646-5ea033fa66c7",
    "data": [
      {
        "text": "nasiru aboki",
        "meta": "@sys.person",
        "alias": "username",
        "userDefined": false
      }
    ],
    "isTemplate": false,
    "count": 0,
    "lang": "en",
    "updated": 0
  },
  {
    "id": "c2ed7695-f221-44df-9663-f73c9f49bdb9",
    "data": [
      {
        "text": "My name is Sharath Nataraj",
        "userDefined": false
      }
    ],
    "isTemplate": false,
    "count": 0,
    "lang": "en",
    "updated": 0
  },
  {
    "id": "4bca5d57-a3d1-4399-a9bc-c5075e245da2",
    "data": [
      {
        "text": "I am ",
        "userDefined": false
      },
      {
        "text": "Nasiru Aboki",
        "meta": "@sys.person",
        "alias": "username",
        "userDefined": true
      }
    ],
    "isTemplate": false,
    "count": 0,
    "lang": "en",
    "updated": 0
  },
  {
    "id": "6809a341-5f5a-40e5-8c8f-19fb322b71eb",
    "data": [
      {
        "text": "my email id is ",
        "userDefined": false
      },
      {
        "text": "sharathbhushan18@gmail.com",
        "meta": "@sys.email",
        "alias": "email",
        "userDefined": true
      }
    ],
    "isTemplate": false,
    "count": 0,
    "lang": "en",
    "updated": 0
  },
  {
    "id": "49f58d3e-4411-4ebf-b154-c98876d751b1",
    "data": [
      {
        "text": "sharathbhushan18@gmail.com",
        "meta": "@sys.email",
        "alias": "email",
        "userDefined": true
      }
    ],
    "isTemplate": false,
    "count": 0,
    "lang": "en",
    "updated": 0
  },
  {
    "id": "80522448-76ae-41ca-89fc-09f0471acb68",
    "data": [
      {
        "text": "I want an appointment with ",
        "userDefined": false
      },
      {
        "text": "Sharath Nataraj",
        "meta": "@sys.person",
        "alias": "name",
        "userDefined": true
      },
      {
        "text": " ",
        "userDefined": false
      },
      {
        "text": "next monday",
        "meta": "@sys.date",
        "alias": "date",
        "userDefined": true
      }
    ],
    "isTemplate": false,
    "count": 0,
    "lang": "en",
    "updated": 0
  },
  {
    "id": "deeb9f32-9267-4a52-b9a5-aad989bdf6f9",
    "data": [
      {
        "text": "I need an appointment with ",
        "userDefined": false
      },
      {
        "text": "Sharath Nataraj",
        "meta": "@sys.person",
        "alias": "name",
        "userDefined": true
      },
      {
        "text": " on ",
        "userDefined": false
      },
      {
        "text": "Friday",
        "meta": "@sys.date",
        "alias": "date",
        "userDefined": true
      }
    ],
    "isTemplate": false,
    "count": 0,
    "lang": "en",
    "updated": 0
  },
  {
    "id": "255ab97c-dd1c-4300-9685-1ef67883dea6",
    "data": [
      {
        "text": "I need an appointment with SharathNataraj ",
        "userDefined": false
      },
      {
        "text": "tommorrow",
        "meta": "@sys.date",
        "alias": "date",
        "userDefined": true
      }
    ],
    "isTemplate": false,
    "count": 0,
    "lang": "en",
    "updated": 0
  },
  {
    "id": "e179f682-a1f6-4cc1-9735-a45b0b1810c6",
    "data": [
      {
        "text": "I would like to have a meeting with ",
        "userDefined": false
      },
      {
        "text": "Sharath Nataraj",
        "meta": "@sys.person",
        "alias": "name",
        "userDefined": true
      }
    ],
    "isTemplate": false,
    "count": 0,
    "lang": "en",
    "updated": 0
  },
  {
    "id": "24b09ed3-e23c-49f5-a83d-f0b6d4cf0282",
    "data": [
      {
        "text": "with",
        "userDefined": true
      },
      {
        "text": " ",
        "userDefined": false
      },
      {
        "text": "Sharath Nataraj",
        "meta": "@sys.person",
        "alias": "name",
        "userDefined": true
      }
    ],
    "isTemplate": false,
    "count": 0,
    "lang": "en",
    "updated": 0
  },
  {
    "id": "e1b7d1f3-5500-4dc7-96d7-aa5cc32726c0",
    "data": [
      {
        "text": "I want an appointment with ",
        "userDefined": false
      },
      {
        "text": "Sharath Nataraj",
        "meta": "@sys.person",
        "alias": "name",
        "userDefined": true
      }
    ],
    "isTemplate": false,
    "count": 0,
    "lang": "en",
    "updated": 0
  },
  {
    "id": "e59e0b68-1e5d-4679-bfd5-d67334bcf20a",
    "data": [
      {
        "text": "appointment",
        "userDefined": true
      }
    ],
    "isTemplate": false,
    "count": 0,
    "lang": "en",
    "updated": 0
  },
  {
    "id": "d80be0a8-51a1-4936-9183-8ab361381fcc",
    "data": [
      {
        "text": "I have to talk to ",
        "userDefined": false
      },
      {
        "text": "someone",
        "userDefined": true
      }
    ],
    "isTemplate": false,
    "count": 0,
    "lang": "en",
    "updated": 0
  },
  {
    "id": "77c1b62c-77ad-469b-a727-08db7ee58153",
    "data": [
      {
        "text": "can I have an ",
        "userDefined": false
      },
      {
        "text": "appointment?",
        "userDefined": true
      }
    ],
    "isTemplate": false,
    "count": 0,
    "lang": "en",
    "updated": 0
  },
  {
    "id": "fdb4fe90-781a-4317-954e-79165d218cd9",
    "data": [
      {
        "text": "I need an ",
        "userDefined": false
      },
      {
        "text": "appointment",
        "userDefined": true
      }
    ],
    "isTemplate": false,
    "count": 0,
    "lang": "en",
    "updated": 0
  },
  {
    "id": "3b1a6700-d035-47f8-a300-f3da5c694202",
    "data": [
      {
        "text": "I need an ",
        "userDefined": false
      },
      {
        "text": "appointment",
        "userDefined": true
      },
      {
        "text": " with someone",
        "userDefined": false
      }
    ],
    "isTemplate": false,
    "count": 0,
    "lang": "en",
    "updated": 0
  }
]