[
  {
    "id": "bbe3c75e-c764-4e92-8292-26384f3b062d",
    "data": [
      {
        "text": "how is the weather today",
        "userDefined": false
      }
    ],
    "isTemplate": false,
    "count": 0,
    "lang": "en",
    "updated": 0
  },
  {
    "id": "69d21785-d094-4186-86a2-e6a4fb347315",
    "data": [
      {
        "text": "tell me what\u0027s the temperature at home",
        "userDefined": false
      }
    ],
    "isTemplate": false,
    "count": 0,
    "lang": "en",
    "updated": 0
  },
  {
    "id": "4794c4ed-dbbb-4530-8054-e769deb2ca64",
    "data": [
      {
        "text": "home temperature",
        "userDefined": false
      }
    ],
    "isTemplate": false,
    "count": 0,
    "lang": "en",
    "updated": 0
  },
  {
    "id": "17247482-0d10-488b-980d-5edb0cb50241",
    "data": [
      {
        "text": "Temperature at home",
        "userDefined": false
      }
    ],
    "isTemplate": false,
    "count": 0,
    "lang": "en",
    "updated": 0
  },
  {
    "id": "99aba2b1-21d0-478a-9db5-6a4ec265065d",
    "data": [
      {
        "text": "What is the temperature at home?",
        "userDefined": false
      }
    ],
    "isTemplate": false,
    "count": 0,
    "lang": "en",
    "updated": 0
  }
]