[
  {
    "id": "ddaec2b2-bd39-4a4b-a9f4-3c354d2e7236",
    "data": [
      {
        "text": "turn the lights ",
        "userDefined": false
      },
      {
        "text": "off",
        "meta": "@OnOff",
        "alias": "OnOff",
        "userDefined": true
      }
    ],
    "isTemplate": false,
    "count": 0,
    "lang": "en",
    "updated": 0
  },
  {
    "id": "311e0bae-c160-49e2-bc0b-2761ac4b1a82",
    "data": [
      {
        "text": "turn the lights ",
        "userDefined": false
      },
      {
        "text": "on",
        "meta": "@OnOff",
        "alias": "OnOff",
        "userDefined": true
      }
    ],
    "isTemplate": false,
    "count": 0,
    "lang": "en",
    "updated": 0
  }
]