[
  {
    "id": "36f30aaf-cdb9-44f7-b753-bcf7fce05a36",
    "data": [
      {
        "text": "where is ",
        "userDefined": false
      },
      {
        "text": "adrian",
        "meta": "@sys.given-name",
        "alias": "User",
        "userDefined": true
      },
      {
        "text": "?",
        "userDefined": false
      }
    ],
    "isTemplate": false,
    "count": 0,
    "lang": "en",
    "updated": 0
  },
  {
    "id": "2078c717-453a-413f-9b8e-f126f0c1960f",
    "data": [
      {
        "text": "where is ",
        "userDefined": false
      },
      {
        "text": "adrian",
        "meta": "@sys.given-name",
        "alias": "User",
        "userDefined": true
      }
    ],
    "isTemplate": false,
    "count": 3,
    "lang": "en",
    "updated": 0
  },
  {
    "id": "55d4a67b-e75a-483e-99fe-813d27a55537",
    "data": [
      {
        "text": "where is ",
        "userDefined": false
      },
      {
        "text": "bea",
        "meta": "@sys.given-name",
        "alias": "User",
        "userDefined": true
      },
      {
        "text": "?",
        "userDefined": false
      }
    ],
    "isTemplate": false,
    "count": 1,
    "lang": "en",
    "updated": 0
  },
  {
    "id": "2e44c7df-9835-4852-8b5b-e0228b2d5f2e",
    "data": [
      {
        "text": "Tell me where is ",
        "userDefined": false
      },
      {
        "text": "Adrian",
        "meta": "@sys.given-name",
        "alias": "User",
        "userDefined": false
      }
    ],
    "isTemplate": false,
    "count": 0,
    "lang": "en",
    "updated": 0
  },
  {
    "id": "5ec896a2-f5bf-4b50-92bd-c793226c9b71",
    "data": [
      {
        "text": "Where is ",
        "userDefined": false
      },
      {
        "text": "Adrian",
        "meta": "@sys.given-name",
        "alias": "User",
        "userDefined": false
      },
      {
        "text": "?",
        "userDefined": false
      }
    ],
    "isTemplate": false,
    "count": 0,
    "lang": "en",
    "updated": 0
  }
]