[
  {
    "id": "11ca4074-63e9-4a1f-8a35-41ce8af39344",
    "data": [
      {
        "text": "what\u0027s ",
        "userDefined": false
      },
      {
        "text": "your",
        "userDefined": false
      },
      {
        "text": " age?",
        "userDefined": false
      }
    ],
    "isTemplate": false,
    "count": 1,
    "lang": "en",
    "updated": 0
  },
  {
    "id": "c842b5a2-3f90-4b2c-a867-02c054ce7a0d",
    "data": [
      {
        "text": "when do ",
        "userDefined": false
      },
      {
        "text": "you",
        "userDefined": false
      },
      {
        "text": " celebrate ",
        "userDefined": false
      },
      {
        "text": "your",
        "userDefined": false
      },
      {
        "text": " birthday?",
        "userDefined": false
      }
    ],
    "isTemplate": false,
    "count": 0,
    "lang": "en",
    "updated": 0
  },
  {
    "id": "e476d7b2-d66d-42cd-bac4-0cd658e24c6d",
    "data": [
      {
        "text": "your",
        "userDefined": false
      },
      {
        "text": " birth date",
        "userDefined": false
      }
    ],
    "isTemplate": false,
    "count": 0,
    "lang": "en",
    "updated": 0
  },
  {
    "id": "85cf8dad-8bdb-4a4b-b3ce-6e380e984639",
    "data": [
      {
        "text": "What\u0027s ",
        "userDefined": false
      },
      {
        "text": "your",
        "userDefined": false
      },
      {
        "text": " birthday",
        "userDefined": false
      }
    ],
    "isTemplate": false,
    "count": 0,
    "lang": "en",
    "updated": 0
  },
  {
    "id": "f10e452e-5c43-4327-ac02-de7499af3f5e",
    "data": [
      {
        "text": "date of ",
        "userDefined": false
      },
      {
        "text": "your",
        "userDefined": false
      },
      {
        "text": " birthday?",
        "userDefined": false
      }
    ],
    "isTemplate": false,
    "count": 0,
    "lang": "en",
    "updated": 0
  },
  {
    "id": "24b683e7-952c-4b02-bbc3-d684db9e5398",
    "data": [
      {
        "text": "when is ",
        "userDefined": false
      },
      {
        "text": "your",
        "userDefined": false
      },
      {
        "text": " birthday?",
        "userDefined": false
      }
    ],
    "isTemplate": false,
    "count": 0,
    "lang": "en",
    "updated": 0
  },
  {
    "id": "30d996cc-8d82-4c3a-b7cd-5e3ccea8552b",
    "data": [
      {
        "text": "when were ",
        "userDefined": false
      },
      {
        "text": "you",
        "userDefined": false
      },
      {
        "text": " born?",
        "userDefined": false
      }
    ],
    "isTemplate": false,
    "count": 0,
    "lang": "en",
    "updated": 0
  },
  {
    "id": "8c916317-c9d7-4707-8281-3113ed02af4a",
    "data": [
      {
        "text": "what is ",
        "userDefined": false
      },
      {
        "text": "your",
        "userDefined": false
      },
      {
        "text": " age?",
        "userDefined": false
      }
    ],
    "isTemplate": false,
    "count": 0,
    "lang": "en",
    "updated": 0
  },
  {
    "id": "054657fc-d1ee-4bb9-b350-e95e3286b290",
    "data": [
      {
        "text": "age of yours",
        "userDefined": false
      }
    ],
    "isTemplate": false,
    "count": 0,
    "lang": "en",
    "updated": 0
  },
  {
    "id": "401244b9-e9d8-4696-880e-4bc7b1dd267b",
    "data": [
      {
        "text": "are you ",
        "userDefined": false
      },
      {
        "text": "21",
        "meta": "@sys.number",
        "alias": "age",
        "userDefined": true
      },
      {
        "text": " years old",
        "userDefined": false
      }
    ],
    "isTemplate": false,
    "count": 0,
    "lang": "en",
    "updated": 0
  },
  {
    "id": "06a6090e-a15a-4b9c-a21c-809f78f6142c",
    "data": [
      {
        "text": "how old ",
        "userDefined": false
      },
      {
        "text": "are",
        "userDefined": false
      },
      {
        "text": " you",
        "userDefined": false
      }
    ],
    "isTemplate": false,
    "count": 0,
    "lang": "en",
    "updated": 0
  },
  {
    "id": "1638f827-3e24-4acc-b2b3-b398068ab13d",
    "data": [
      {
        "text": "your",
        "userDefined": false
      },
      {
        "text": " age",
        "userDefined": false
      }
    ],
    "isTemplate": false,
    "count": 0,
    "lang": "en",
    "updated": 0
  },
  {
    "id": "d553d188-3d75-4da5-9258-951b686552cd",
    "data": [
      {
        "text": "what\u0027s your age",
        "userDefined": false
      }
    ],
    "isTemplate": false,
    "count": 0,
    "lang": "en",
    "updated": 0
  },
  {
    "id": "e76e6512-2609-4520-bd21-bffbb24e981b",
    "data": [
      {
        "text": "how old is your platform",
        "userDefined": false
      }
    ],
    "isTemplate": false,
    "count": 0,
    "lang": "en",
    "updated": 0
  },
  {
    "id": "24b6122f-f35a-4604-9ad2-36eea9e0b157",
    "data": [
      {
        "text": "tell me your age",
        "userDefined": false
      }
    ],
    "isTemplate": false,
    "count": 0,
    "lang": "en",
    "updated": 0
  },
  {
    "id": "c2f58d79-3134-48aa-9e07-c3c428fa7783",
    "data": [
      {
        "text": "I\u0027d like to know your age",
        "userDefined": false
      }
    ],
    "isTemplate": false,
    "count": 0,
    "lang": "en",
    "updated": 0
  }
]