[
  {
    "id": "24bba346-d6ed-46d4-b8c5-80db792fd143",
    "data": [
      {
        "text": "I don\u0027t get this",
        "userDefined": false
      }
    ],
    "isTemplate": false,
    "count": 1,
    "lang": "en",
    "updated": 0
  },
  {
    "id": "4477b675-9e28-4d12-8f5d-82acbc960625",
    "data": [
      {
        "text": "What\u0027s this?",
        "userDefined": false
      }
    ],
    "isTemplate": false,
    "count": 0,
    "lang": "en",
    "updated": 0
  },
  {
    "id": "c28cab30-b026-4428-8f3e-cd589d07a61b",
    "data": [
      {
        "text": "What are you talking about?",
        "userDefined": false
      }
    ],
    "isTemplate": false,
    "count": 0,
    "lang": "en",
    "updated": 0
  },
  {
    "id": "b768b9bb-124f-4898-93a3-6c77c40fbeb0",
    "data": [
      {
        "text": "I don\u0027t get it",
        "userDefined": false
      }
    ],
    "isTemplate": false,
    "count": 0,
    "lang": "en",
    "updated": 0
  },
  {
    "id": "a7143a33-9bd8-4083-a7ec-ada9a1a4e798",
    "data": [
      {
        "text": "what does that mean",
        "userDefined": false
      }
    ],
    "isTemplate": false,
    "count": 0,
    "lang": "en",
    "updated": 0
  },
  {
    "id": "66b2dd9e-184d-4837-8f98-ff47cbf4c8fe",
    "data": [
      {
        "text": "what are ",
        "userDefined": false
      },
      {
        "text": "you",
        "userDefined": false
      },
      {
        "text": " talking about?",
        "userDefined": false
      }
    ],
    "isTemplate": false,
    "count": 0,
    "lang": "en",
    "updated": 0
  },
  {
    "id": "5bd1e4a4-9e62-43b0-9344-43ef117832bb",
    "data": [
      {
        "text": "huh?",
        "userDefined": false
      }
    ],
    "isTemplate": false,
    "count": 0,
    "lang": "en",
    "updated": 0
  },
  {
    "id": "92e6f666-209b-45eb-bb88-2dcfed18be11",
    "data": [
      {
        "text": "I don\u0027t understand",
        "userDefined": false
      }
    ],
    "isTemplate": false,
    "count": 0,
    "lang": "en",
    "updated": 0
  },
  {
    "id": "a06a7987-6f49-4d7c-82da-555a42e32492",
    "data": [
      {
        "text": "I\u0027m not too sure",
        "userDefined": false
      }
    ],
    "isTemplate": false,
    "count": 0,
    "lang": "en",
    "updated": 0
  },
  {
    "id": "e64fe79f-da38-43ec-a0a8-6300f460dbf3",
    "data": [
      {
        "text": "I\u0027m not sure",
        "userDefined": false
      }
    ],
    "isTemplate": false,
    "count": 0,
    "lang": "en",
    "updated": 0
  },
  {
    "id": "57895682-5f33-42d6-8317-5199c4674649",
    "data": [
      {
        "text": "not sure",
        "userDefined": false
      }
    ],
    "isTemplate": false,
    "count": 0,
    "lang": "en",
    "updated": 0
  },
  {
    "id": "754766b2-fe44-455e-9517-ce9b4f64b51e",
    "data": [
      {
        "text": "what do you mean",
        "userDefined": false
      }
    ],
    "isTemplate": false,
    "count": 0,
    "lang": "en",
    "updated": 0
  },
  {
    "id": "6e8ca1fb-a013-484c-81f4-e28dff6007d2",
    "data": [
      {
        "text": "but what do you mean",
        "userDefined": false
      }
    ],
    "isTemplate": false,
    "count": 0,
    "lang": "en",
    "updated": 0
  },
  {
    "id": "04fb7945-f37f-4078-9ec9-c9833ab67c22",
    "data": [
      {
        "text": "what do you mean exactly",
        "userDefined": false
      }
    ],
    "isTemplate": false,
    "count": 0,
    "lang": "en",
    "updated": 0
  },
  {
    "id": "e7f86b53-fd17-4b90-834c-e8de9812dc42",
    "data": [
      {
        "text": "what exactly do you mean",
        "userDefined": false
      }
    ],
    "isTemplate": false,
    "count": 1,
    "lang": "en",
    "updated": 0
  },
  {
    "id": "69054145-1fc9-4330-b3cd-319f16b30925",
    "data": [
      {
        "text": "is that what you mean",
        "userDefined": false
      }
    ],
    "isTemplate": false,
    "count": 0,
    "lang": "en",
    "updated": 0
  }
]