[
  {
    "id": "dd338694-9956-4f80-b64d-25b32de05d9f",
    "data": [
      {
        "text": "it\u0027s not a problem",
        "userDefined": false
      }
    ],
    "isTemplate": false,
    "count": 0,
    "lang": "en",
    "updated": 0
  },
  {
    "id": "05211194-62be-4af7-994c-fe4e5057cb69",
    "data": [
      {
        "text": "it\u0027s no problem",
        "userDefined": false
      }
    ],
    "isTemplate": false,
    "count": 0,
    "lang": "en",
    "updated": 0
  },
  {
    "id": "0a47c854-104c-4502-b42b-fae5f36a9cbb",
    "data": [
      {
        "text": "no probs",
        "userDefined": false
      }
    ],
    "isTemplate": false,
    "count": 0,
    "lang": "en",
    "updated": 0
  },
  {
    "id": "38c199dc-f776-4a1a-b080-fe7a6ae6accf",
    "data": [
      {
        "text": "no worries",
        "userDefined": false
      }
    ],
    "isTemplate": false,
    "count": 0,
    "lang": "en",
    "updated": 0
  },
  {
    "id": "3aaa13c6-911a-4ebf-882f-f4fb7ca90c2d",
    "data": [
      {
        "text": "no problem about that",
        "userDefined": false
      }
    ],
    "isTemplate": false,
    "count": 0,
    "lang": "en",
    "updated": 0
  },
  {
    "id": "94c3471b-d1bc-471f-869a-58a1565fbaec",
    "data": [
      {
        "text": "No problem with that",
        "userDefined": false
      }
    ],
    "isTemplate": false,
    "count": 0,
    "lang": "en",
    "updated": 0
  },
  {
    "id": "49cabd8c-601a-4de1-b10e-beaace1e9c43",
    "data": [
      {
        "text": "sure no problem",
        "userDefined": false
      }
    ],
    "isTemplate": false,
    "count": 0,
    "lang": "en",
    "updated": 0
  },
  {
    "id": "9a77dab7-efb5-4229-92c9-58109b78493e",
    "data": [
      {
        "text": "no problem",
        "userDefined": false
      }
    ],
    "isTemplate": false,
    "count": 0,
    "lang": "en",
    "updated": 0
  },
  {
    "id": "2f217394-081a-48a4-8033-443fe3107a1d",
    "data": [
      {
        "text": "don\u0027t worry about it",
        "userDefined": false
      }
    ],
    "isTemplate": false,
    "count": 0,
    "lang": "en",
    "updated": 0
  },
  {
    "id": "a936d785-7139-4866-a83c-764aa4afcbb9",
    "data": [
      {
        "text": "not to worry",
        "userDefined": false
      }
    ],
    "isTemplate": false,
    "count": 0,
    "lang": "en",
    "updated": 0
  },
  {
    "id": "d543e546-0f84-43af-9c89-925a85375f07",
    "data": [
      {
        "text": "Don\u0027t worry",
        "userDefined": false
      }
    ],
    "isTemplate": false,
    "count": 0,
    "lang": "en",
    "updated": 0
  }
]