[
  {
    "id": "40cd793b-c36a-49ea-9171-a22d9ad693cc",
    "data": [
      {
        "text": "it\u0027s a joke",
        "userDefined": false
      }
    ],
    "isTemplate": false,
    "count": 0,
    "lang": "en",
    "updated": 0
  },
  {
    "id": "8a64568b-7251-4c17-9804-dcb06a52dfbc",
    "data": [
      {
        "text": "I\u0027m kidding",
        "userDefined": false
      }
    ],
    "isTemplate": false,
    "count": 0,
    "lang": "en",
    "updated": 0
  },
  {
    "id": "41a7c2f4-ac41-4d73-973d-c83f9435b5b2",
    "data": [
      {
        "text": "I am joking",
        "userDefined": false
      }
    ],
    "isTemplate": false,
    "count": 0,
    "lang": "en",
    "updated": 0
  },
  {
    "id": "3ab4378e-1c69-4535-9edf-4ed7231160a4",
    "data": [
      {
        "text": "kidding",
        "userDefined": false
      }
    ],
    "isTemplate": false,
    "count": 0,
    "lang": "en",
    "updated": 0
  },
  {
    "id": "9e7e8624-5b80-479f-9971-e82c1890c70c",
    "data": [
      {
        "text": "just kidding",
        "userDefined": false
      }
    ],
    "isTemplate": false,
    "count": 0,
    "lang": "en",
    "updated": 0
  },
  {
    "id": "8de3c927-92df-48f5-94f7-c0b6976456aa",
    "data": [
      {
        "text": "joking",
        "userDefined": false
      }
    ],
    "isTemplate": false,
    "count": 0,
    "lang": "en",
    "updated": 0
  },
  {
    "id": "2d124aeb-1c36-4530-9db4-02fc4e93b48c",
    "data": [
      {
        "text": "it was a joke",
        "userDefined": false
      }
    ],
    "isTemplate": false,
    "count": 0,
    "lang": "en",
    "updated": 0
  },
  {
    "id": "94dc8125-7227-44c2-8273-f89c9206849a",
    "data": [
      {
        "text": "I\u0027m just being funny",
        "userDefined": false
      }
    ],
    "isTemplate": false,
    "count": 0,
    "lang": "en",
    "updated": 0
  },
  {
    "id": "75c72bfd-019f-42e5-9401-0206a432fcd0",
    "data": [
      {
        "text": "I was just joking",
        "userDefined": false
      }
    ],
    "isTemplate": false,
    "count": 0,
    "lang": "en",
    "updated": 0
  },
  {
    "id": "49592a6f-c96b-4909-b9b2-3ca5e9783988",
    "data": [
      {
        "text": "I\u0027m just playing with ",
        "userDefined": false
      },
      {
        "text": "you",
        "userDefined": false
      }
    ],
    "isTemplate": false,
    "count": 0,
    "lang": "en",
    "updated": 0
  },
  {
    "id": "a8b0cd32-c9d2-423b-8ad2-86b0fb091431",
    "data": [
      {
        "text": "ah ah ah",
        "userDefined": false
      }
    ],
    "isTemplate": false,
    "count": 1,
    "lang": "en",
    "updated": 0
  },
  {
    "id": "4432c962-d805-47fb-bbdf-3f54daf9ba76",
    "data": [
      {
        "text": "hehe",
        "userDefined": false
      }
    ],
    "isTemplate": false,
    "count": 0,
    "lang": "en",
    "updated": 0
  },
  {
    "id": "b668756c-2825-44e6-bf04-a94aef9ba16b",
    "data": [
      {
        "text": "hah",
        "userDefined": false
      }
    ],
    "isTemplate": false,
    "count": 0,
    "lang": "en",
    "updated": 0
  },
  {
    "id": "b4363c3e-a332-4285-bb04-c6520e39d97f",
    "data": [
      {
        "text": "ha ha",
        "userDefined": false
      }
    ],
    "isTemplate": false,
    "count": 0,
    "lang": "en",
    "updated": 0
  },
  {
    "id": "09959d92-2441-441e-942f-126708031fd0",
    "data": [
      {
        "text": "hehehe",
        "userDefined": false
      }
    ],
    "isTemplate": false,
    "count": 0,
    "lang": "en",
    "updated": 0
  },
  {
    "id": "1e8cc6b5-e3d8-49b9-bac2-141844046ac6",
    "data": [
      {
        "text": "ahah lolhahaha funnyha",
        "userDefined": false
      }
    ],
    "isTemplate": false,
    "count": 0,
    "lang": "en",
    "updated": 0
  },
  {
    "id": "df1b7d56-ff0b-4171-b862-57a7c91414b7",
    "data": [
      {
        "text": "ahah lolhahaha funny",
        "userDefined": false
      }
    ],
    "isTemplate": false,
    "count": 0,
    "lang": "en",
    "updated": 0
  },
  {
    "id": "6a6fdcad-6c61-46cd-9cbe-5901ed62bcf9",
    "data": [
      {
        "text": "ahah lol",
        "userDefined": false
      }
    ],
    "isTemplate": false,
    "count": 0,
    "lang": "en",
    "updated": 0
  },
  {
    "id": "70ef1429-9836-48ac-ad5a-79b95f8bfdf1",
    "data": [
      {
        "text": "ah",
        "userDefined": false
      }
    ],
    "isTemplate": false,
    "count": 0,
    "lang": "en",
    "updated": 0
  },
  {
    "id": "7fff3ae5-5e74-41de-b4f6-8d1cf52b4c7d",
    "data": [
      {
        "text": "ROFL",
        "userDefined": false
      }
    ],
    "isTemplate": false,
    "count": 0,
    "lang": "en",
    "updated": 0
  },
  {
    "id": "d7c60118-b3b4-4d2f-85d0-0d5e037d25e9",
    "data": [
      {
        "text": "lmao",
        "userDefined": false
      }
    ],
    "isTemplate": false,
    "count": 0,
    "lang": "en",
    "updated": 0
  },
  {
    "id": "b00d290f-e004-4632-a654-7f23a3eb98f1",
    "data": [
      {
        "text": "hahaha very funny",
        "userDefined": false
      }
    ],
    "isTemplate": false,
    "count": 0,
    "lang": "en",
    "updated": 0
  },
  {
    "id": "e11971d4-2a90-4ead-941d-ac289bee2a46",
    "data": [
      {
        "text": "haha that\u0027s funny",
        "userDefined": false
      }
    ],
    "isTemplate": false,
    "count": 1,
    "lang": "en",
    "updated": 0
  },
  {
    "id": "1a8b69f5-b2c3-41cf-b38e-18edcda6fd63",
    "data": [
      {
        "text": "haha haha hahahahaha",
        "userDefined": false
      }
    ],
    "isTemplate": false,
    "count": 0,
    "lang": "en",
    "updated": 0
  },
  {
    "id": "7a45b861-fd1f-4b8c-a460-c186da6237a4",
    "data": [
      {
        "text": "haha haha haha",
        "userDefined": false
      }
    ],
    "isTemplate": false,
    "count": 0,
    "lang": "en",
    "updated": 0
  },
  {
    "id": "8dfcd8a5-b6ef-4ab4-85ae-b457e30911e1",
    "data": [
      {
        "text": "ha ha ha",
        "userDefined": false
      }
    ],
    "isTemplate": false,
    "count": 0,
    "lang": "en",
    "updated": 0
  },
  {
    "id": "42c1af92-630d-475f-8527-668a47e3fa7b",
    "data": [
      {
        "text": "haha funny",
        "userDefined": false
      }
    ],
    "isTemplate": false,
    "count": 0,
    "lang": "en",
    "updated": 0
  },
  {
    "id": "0a48764c-7ba3-458c-a3dc-1b713b362fb2",
    "data": [
      {
        "text": "ha ha ha ha",
        "userDefined": false
      }
    ],
    "isTemplate": false,
    "count": 0,
    "lang": "en",
    "updated": 0
  },
  {
    "id": "ed39a32b-4134-4301-9dd3-2f75ff395441",
    "data": [
      {
        "text": "haha very funny",
        "userDefined": false
      }
    ],
    "isTemplate": false,
    "count": 0,
    "lang": "en",
    "updated": 0
  },
  {
    "id": "c91ecdba-4504-47ad-893f-0042fbd8f4cc",
    "data": [
      {
        "text": "he",
        "userDefined": false
      }
    ],
    "isTemplate": false,
    "count": 0,
    "lang": "en",
    "updated": 0
  },
  {
    "id": "2c3b276e-0a62-4a06-b227-f64422ca6fe0",
    "data": [
      {
        "text": "that\u0027s funny",
        "userDefined": false
      }
    ],
    "isTemplate": false,
    "count": 0,
    "lang": "en",
    "updated": 0
  },
  {
    "id": "b43ff614-4d40-4782-b59a-b715247e3f2a",
    "data": [
      {
        "text": "haha",
        "userDefined": false
      }
    ],
    "isTemplate": false,
    "count": 0,
    "lang": "en",
    "updated": 0
  },
  {
    "id": "3bc82d79-87c5-4621-81bf-3782a780993e",
    "data": [
      {
        "text": "ahahah",
        "userDefined": false
      }
    ],
    "isTemplate": false,
    "count": 0,
    "lang": "en",
    "updated": 0
  },
  {
    "id": "98aad5b8-da42-4fe0-a258-beeeb0ff9efc",
    "data": [
      {
        "text": "ahahaha",
        "userDefined": false
      }
    ],
    "isTemplate": false,
    "count": 0,
    "lang": "en",
    "updated": 0
  },
  {
    "id": "7595b613-ae7a-48e1-af22-954b1dd38703",
    "data": [
      {
        "text": "ahah",
        "userDefined": false
      }
    ],
    "isTemplate": false,
    "count": 0,
    "lang": "en",
    "updated": 0
  },
  {
    "id": "d81e9d96-9e73-4073-adbb-3bda86c4ab96",
    "data": [
      {
        "text": "Tell me a joke",
        "userDefined": false
      }
    ],
    "isTemplate": false,
    "count": 0,
    "lang": "en",
    "updated": 0
  },
  {
    "id": "b9f49874-6423-4b5d-9d69-1c8bf7210c14",
    "data": [
      {
        "text": "Can you tell me a joke?",
        "userDefined": false
      }
    ],
    "isTemplate": false,
    "count": 0,
    "lang": "en",
    "updated": 0
  },
  {
    "id": "24d99962-72fd-4ebb-baa2-1459c26bea95",
    "data": [
      {
        "text": "Know any jokes?",
        "userDefined": false
      }
    ],
    "isTemplate": false,
    "count": 0,
    "lang": "en",
    "updated": 0
  },
  {
    "id": "2b588c8b-789b-4620-992b-f4ea7c57d91d",
    "data": [
      {
        "text": "Do you have a joke?",
        "userDefined": false
      }
    ],
    "isTemplate": false,
    "count": 0,
    "lang": "en",
    "updated": 0
  },
  {
    "id": "9d2ecc62-5656-497e-bd05-2b4fe42f1c2f",
    "data": [
      {
        "text": "I want a joke",
        "userDefined": false
      }
    ],
    "isTemplate": false,
    "count": 0,
    "lang": "en",
    "updated": 0
  },
  {
    "id": "22699cc4-a793-4a36-b778-97469ef81115",
    "data": [
      {
        "text": "give me a joke",
        "userDefined": false
      }
    ],
    "isTemplate": false,
    "count": 0,
    "lang": "en",
    "updated": 0
  },
  {
    "id": "c53d092b-a106-4f31-8da7-75746b886264",
    "data": [
      {
        "text": "say something funny",
        "userDefined": false
      }
    ],
    "isTemplate": false,
    "count": 0,
    "lang": "en",
    "updated": 0
  },
  {
    "id": "522d01ef-c631-4d3d-aeb6-ace7769b32a7",
    "data": [
      {
        "text": "you are really funny",
        "userDefined": false
      }
    ],
    "isTemplate": false,
    "count": 1,
    "lang": "en",
    "updated": 0
  },
  {
    "id": "3706daa1-0efb-4fdd-b982-d9c5479a50b1",
    "data": [
      {
        "text": "you\u0027re so funny",
        "userDefined": false
      }
    ],
    "isTemplate": false,
    "count": 1,
    "lang": "en",
    "updated": 0
  },
  {
    "id": "53709d42-9ff2-4851-b288-41679e29f95b",
    "data": [
      {
        "text": "you\u0027re incredibly funny",
        "userDefined": false
      }
    ],
    "isTemplate": false,
    "count": 1,
    "lang": "en",
    "updated": 0
  },
  {
    "id": "003ae688-a9e1-4a52-9078-c4882d35b90c",
    "data": [
      {
        "text": "you\u0027re really funny",
        "userDefined": false
      }
    ],
    "isTemplate": false,
    "count": 0,
    "lang": "en",
    "updated": 0
  },
  {
    "id": "3335ef34-7a3d-4a0b-b600-d9619a45b3fd",
    "data": [
      {
        "text": "you make me laugh a lot",
        "userDefined": false
      }
    ],
    "isTemplate": false,
    "count": 0,
    "lang": "en",
    "updated": 0
  },
  {
    "id": "56c4933a-42f8-4877-92a4-043ef40f0a30",
    "data": [
      {
        "text": "you ",
        "userDefined": false
      },
      {
        "text": "are",
        "userDefined": false
      },
      {
        "text": " hilarious",
        "userDefined": false
      }
    ],
    "isTemplate": false,
    "count": 0,
    "lang": "en",
    "updated": 0
  },
  {
    "id": "6da5c09c-6eb8-4eaf-b507-7454688713e0",
    "data": [
      {
        "text": "how funny you ",
        "userDefined": false
      },
      {
        "text": "are",
        "userDefined": false
      }
    ],
    "isTemplate": false,
    "count": 0,
    "lang": "en",
    "updated": 0
  },
  {
    "id": "e8c5b23f-bd80-4197-bcd1-47d2e8d7cf0a",
    "data": [
      {
        "text": "you make ",
        "userDefined": false
      },
      {
        "text": "me",
        "userDefined": false
      },
      {
        "text": " laugh",
        "userDefined": false
      }
    ],
    "isTemplate": false,
    "count": 0,
    "lang": "en",
    "updated": 0
  },
  {
    "id": "afe35161-06d0-40b3-9bae-988dc832b796",
    "data": [
      {
        "text": "lol",
        "userDefined": false
      }
    ],
    "isTemplate": false,
    "count": 0,
    "lang": "en",
    "updated": 0
  },
  {
    "id": "0aa18bc2-19b8-4ef6-acfb-65ca8587e5b6",
    "data": [
      {
        "text": "you ",
        "userDefined": false
      },
      {
        "text": "are",
        "userDefined": false
      },
      {
        "text": " so funny",
        "userDefined": false
      }
    ],
    "isTemplate": false,
    "count": 0,
    "lang": "en",
    "updated": 0
  },
  {
    "id": "6f80603b-2c6c-4798-b2a9-913b6b08bb49",
    "data": [
      {
        "text": "you ",
        "userDefined": false
      },
      {
        "text": "are",
        "userDefined": false
      },
      {
        "text": " very funny",
        "userDefined": false
      }
    ],
    "isTemplate": false,
    "count": 0,
    "lang": "en",
    "updated": 0
  },
  {
    "id": "74b9045f-9986-43c0-a553-8729837818d7",
    "data": [
      {
        "text": "you\u0027re a very funny bot",
        "userDefined": false
      }
    ],
    "isTemplate": false,
    "count": 0,
    "lang": "en",
    "updated": 0
  },
  {
    "id": "c1bf1fec-9ecc-4f37-a484-36d73220aa23",
    "data": [
      {
        "text": "funny",
        "userDefined": false
      }
    ],
    "isTemplate": false,
    "count": 0,
    "lang": "en",
    "updated": 0
  },
  {
    "id": "1ffa9117-7aec-4003-83ff-7fe2a2dcb34d",
    "data": [
      {
        "text": "you\u0027",
        "userDefined": false
      },
      {
        "text": "re the funniest bot",
        "userDefined": false
      },
      {
        "text": " I\u0027ve talked to",
        "userDefined": false
      }
    ],
    "isTemplate": false,
    "count": 0,
    "lang": "en",
    "updated": 0
  },
  {
    "id": "53670736-5f96-479c-8fa9-c65ed26cdb40",
    "data": [
      {
        "text": "you\u0027re the funniest",
        "userDefined": false
      }
    ],
    "isTemplate": false,
    "count": 3,
    "lang": "en",
    "updated": 0
  },
  {
    "id": "92fddfb3-80e0-4ea3-bb7c-50c76115bbc9",
    "data": [
      {
        "text": "you ",
        "userDefined": false
      },
      {
        "text": "are",
        "userDefined": false
      },
      {
        "text": " funny",
        "userDefined": false
      }
    ],
    "isTemplate": false,
    "count": 0,
    "lang": "en",
    "updated": 0
  },
  {
    "id": "879f1b5f-2262-4fcd-9d3e-be85a108f0b0",
    "data": [
      {
        "text": "that was funny",
        "userDefined": false
      }
    ],
    "isTemplate": false,
    "count": 0,
    "lang": "en",
    "updated": 0
  }
]