[
  {
    "id": "a88bd81f-ebc6-4858-b9e3-1c86362ce484",
    "data": [
      {
        "text": "I\u0027ll miss you",
        "userDefined": false
      }
    ],
    "isTemplate": false,
    "count": 0,
    "lang": "en",
    "updated": 0
  },
  {
    "id": "778bf9fd-ba1c-4e60-8e93-589731fe62cc",
    "data": [
      {
        "text": "I\u0027ll get back to you",
        "userDefined": false
      }
    ],
    "isTemplate": false,
    "count": 0,
    "lang": "en",
    "updated": 0
  },
  {
    "id": "7d77f4cb-8580-45fe-a3c0-fcc19747506f",
    "data": [
      {
        "text": "back in a bit",
        "userDefined": false
      }
    ],
    "isTemplate": false,
    "count": 0,
    "lang": "en",
    "updated": 0
  },
  {
    "id": "93191197-4737-4913-9827-49889c901721",
    "data": [
      {
        "text": "I\u0027ll be back soon",
        "userDefined": false
      }
    ],
    "isTemplate": false,
    "count": 0,
    "lang": "en",
    "updated": 0
  },
  {
    "id": "462fb179-9910-4ca6-8769-e011086f2852",
    "data": [
      {
        "text": "be back in a few",
        "userDefined": false
      }
    ],
    "isTemplate": false,
    "count": 0,
    "lang": "en",
    "updated": 0
  },
  {
    "id": "ea510d1b-f66c-4531-a8af-e9568543f88d",
    "data": [
      {
        "text": "I\u0027ll be back",
        "userDefined": false
      }
    ],
    "isTemplate": false,
    "count": 0,
    "lang": "en",
    "updated": 0
  },
  {
    "id": "e345c143-7399-4c59-9961-70e212ceeb64",
    "data": [
      {
        "text": "be back ",
        "userDefined": false
      },
      {
        "text": "in 5 minutes",
        "meta": "@sys.time",
        "alias": "time",
        "userDefined": false
      }
    ],
    "isTemplate": false,
    "count": 0,
    "lang": "en",
    "updated": 0
  },
  {
    "id": "9e69ec0d-9dd9-4c10-ba7c-10867ca8139c",
    "data": [
      {
        "text": "BBIAB",
        "userDefined": false
      }
    ],
    "isTemplate": false,
    "count": 0,
    "lang": "en",
    "updated": 0
  },
  {
    "id": "5b3046a8-4dd8-4c95-b9a2-700fe714c50a",
    "data": [
      {
        "text": "bye for now",
        "userDefined": false
      }
    ],
    "isTemplate": false,
    "count": 1,
    "lang": "en",
    "updated": 0
  },
  {
    "id": "9a76185f-2339-4379-ba3d-7b67fe635dfa",
    "data": [
      {
        "text": "see ya",
        "userDefined": false
      }
    ],
    "isTemplate": false,
    "count": 0,
    "lang": "en",
    "updated": 0
  },
  {
    "id": "2550cd33-ef7f-4ad8-aead-7b61a7909a92",
    "data": [
      {
        "text": "I gotta go",
        "userDefined": false
      }
    ],
    "isTemplate": false,
    "count": 0,
    "lang": "en",
    "updated": 0
  },
  {
    "id": "1a56246a-d2fc-4446-b7fb-25b8f8ca55e0",
    "data": [
      {
        "text": "I got to go now",
        "userDefined": false
      }
    ],
    "isTemplate": false,
    "count": 0,
    "lang": "en",
    "updated": 0
  },
  {
    "id": "8a675b05-0014-4984-97d2-737ce96eb843",
    "data": [
      {
        "text": "time to go",
        "userDefined": false
      }
    ],
    "isTemplate": false,
    "count": 0,
    "lang": "en",
    "updated": 0
  },
  {
    "id": "898624f0-dd73-4208-b039-d9bd4a48be67",
    "data": [
      {
        "text": "time to go to bed",
        "userDefined": false
      }
    ],
    "isTemplate": false,
    "count": 0,
    "lang": "en",
    "updated": 0
  },
  {
    "id": "3d3e6423-bbb1-44a8-b772-92e6d3eeb83c",
    "data": [
      {
        "text": "got get sleep",
        "userDefined": false
      }
    ],
    "isTemplate": false,
    "count": 0,
    "lang": "en",
    "updated": 0
  },
  {
    "id": "54dcca99-0cb7-4110-9dc7-197096342484",
    "data": [
      {
        "text": "gotta go to sleep",
        "userDefined": false
      }
    ],
    "isTemplate": false,
    "count": 0,
    "lang": "en",
    "updated": 0
  },
  {
    "id": "f21b3504-3495-4bad-a9e9-601facdb4b9d",
    "data": [
      {
        "text": "going to bed now",
        "userDefined": false
      }
    ],
    "isTemplate": false,
    "count": 0,
    "lang": "en",
    "updated": 0
  },
  {
    "id": "11386150-a9b5-455f-9dcc-7970ef0476c9",
    "data": [
      {
        "text": "it\u0027s bed time",
        "userDefined": false
      }
    ],
    "isTemplate": false,
    "count": 0,
    "lang": "en",
    "updated": 0
  },
  {
    "id": "8b6e9842-5c73-474f-8c88-56726e877918",
    "data": [
      {
        "text": "going to bed",
        "userDefined": false
      }
    ],
    "isTemplate": false,
    "count": 0,
    "lang": "en",
    "updated": 0
  },
  {
    "id": "69594b42-c998-4897-b650-cfa824d5fb21",
    "data": [
      {
        "text": "appreciate the ",
        "userDefined": false
      },
      {
        "text": "chat",
        "userDefined": false
      }
    ],
    "isTemplate": false,
    "count": 0,
    "lang": "en",
    "updated": 0
  },
  {
    "id": "d6344437-8e7c-45ab-95ca-35bc5376aef9",
    "data": [
      {
        "text": "good talking to ",
        "userDefined": false
      },
      {
        "text": "you",
        "userDefined": false
      }
    ],
    "isTemplate": false,
    "count": 0,
    "lang": "en",
    "updated": 0
  },
  {
    "id": "df096757-ceb2-4901-b28e-92575bda3ead",
    "data": [
      {
        "text": "nice talking to ",
        "userDefined": false
      },
      {
        "text": "you",
        "userDefined": false
      }
    ],
    "isTemplate": false,
    "count": 0,
    "lang": "en",
    "updated": 0
  },
  {
    "id": "a3fc9fe7-2e08-4e8a-a419-5ae57e9da70a",
    "data": [
      {
        "text": "thanks for ",
        "userDefined": false
      },
      {
        "text": "chatting",
        "userDefined": false
      }
    ],
    "isTemplate": false,
    "count": 0,
    "lang": "en",
    "updated": 0
  },
  {
    "id": "098e2f96-ef50-4ec1-8765-1bd1b2b2c428",
    "data": [
      {
        "text": "good to ",
        "userDefined": false
      },
      {
        "text": "chat",
        "userDefined": false
      }
    ],
    "isTemplate": false,
    "count": 0,
    "lang": "en",
    "updated": 0
  },
  {
    "id": "baae6c3f-f021-4a8e-a1c5-d96c18371711",
    "data": [
      {
        "text": "nice to ",
        "userDefined": false
      },
      {
        "text": "chat",
        "userDefined": false
      }
    ],
    "isTemplate": false,
    "count": 0,
    "lang": "en",
    "updated": 0
  },
  {
    "id": "c17eb49c-6801-4863-8b9e-cd4796dda526",
    "data": [
      {
        "text": "it\u0027s been a pleasure ",
        "userDefined": false
      },
      {
        "text": "chatting",
        "userDefined": false
      },
      {
        "text": " with ",
        "userDefined": false
      },
      {
        "text": "you",
        "userDefined": false
      }
    ],
    "isTemplate": false,
    "count": 0,
    "lang": "en",
    "updated": 0
  },
  {
    "id": "7e6ecc7b-6b72-4070-8599-0fdc314887b2",
    "data": [
      {
        "text": "nice to talk to ",
        "userDefined": false
      },
      {
        "text": "you",
        "userDefined": false
      }
    ],
    "isTemplate": false,
    "count": 0,
    "lang": "en",
    "updated": 0
  },
  {
    "id": "e46e12ec-1ef4-4b27-84c1-e4213e138c13",
    "data": [
      {
        "text": "It\u0027s been nice to talk to ",
        "userDefined": false
      },
      {
        "text": "you",
        "userDefined": false
      }
    ],
    "isTemplate": false,
    "count": 0,
    "lang": "en",
    "updated": 0
  },
  {
    "id": "d8355387-a538-4676-9b5e-3713d511b70d",
    "data": [
      {
        "text": "take it easy",
        "userDefined": false
      }
    ],
    "isTemplate": false,
    "count": 1,
    "lang": "en",
    "updated": 0
  },
  {
    "id": "0a4db1bb-b80c-4457-b6ad-2e81caa981a0",
    "data": [
      {
        "text": "ok bye",
        "userDefined": false
      }
    ],
    "isTemplate": false,
    "count": 1,
    "lang": "en",
    "updated": 0
  },
  {
    "id": "b43713af-9389-4147-be56-2be2971e8495",
    "data": [
      {
        "text": "okay see you later",
        "userDefined": false
      }
    ],
    "isTemplate": false,
    "count": 0,
    "lang": "en",
    "updated": 0
  },
  {
    "id": "54081a4c-c0ca-40c5-b35e-096783669daa",
    "data": [
      {
        "text": "till next time",
        "userDefined": false
      }
    ],
    "isTemplate": false,
    "count": 0,
    "lang": "en",
    "updated": 0
  },
  {
    "id": "c2624145-983d-4415-9acf-6da4c86c191c",
    "data": [
      {
        "text": "bye bye take care",
        "userDefined": false
      }
    ],
    "isTemplate": false,
    "count": 0,
    "lang": "en",
    "updated": 0
  },
  {
    "id": "d45f3cdc-7ec0-4977-a700-ed06859fe595",
    "data": [
      {
        "text": "go to bed",
        "userDefined": false
      }
    ],
    "isTemplate": false,
    "count": 1,
    "lang": "en",
    "updated": 0
  },
  {
    "id": "b009de51-0eee-4130-b00b-4fd7c5fda4e7",
    "data": [
      {
        "text": "bye bye ",
        "userDefined": false
      },
      {
        "text": "good",
        "userDefined": true
      },
      {
        "text": " ",
        "userDefined": false
      },
      {
        "text": "night",
        "userDefined": true
      }
    ],
    "isTemplate": false,
    "count": 1,
    "lang": "en",
    "updated": 0
  },
  {
    "id": "3978c008-ef44-4fa8-84fa-c469bf033ebe",
    "data": [
      {
        "text": "see you",
        "userDefined": false
      }
    ],
    "isTemplate": false,
    "count": 1,
    "lang": "en",
    "updated": 0
  },
  {
    "id": "dc9b505f-f4a7-4e6c-bcc2-755b82e9ab26",
    "data": [
      {
        "text": "chat",
        "userDefined": false
      },
      {
        "text": " later",
        "userDefined": false
      }
    ],
    "isTemplate": false,
    "count": 0,
    "lang": "en",
    "updated": 0
  },
  {
    "id": "69d28ef8-81d8-4ac1-8746-35f01db132b2",
    "data": [
      {
        "text": "fine for now",
        "userDefined": false
      }
    ],
    "isTemplate": false,
    "count": 0,
    "lang": "en",
    "updated": 0
  },
  {
    "id": "d79b53b6-db50-41bf-9fc6-65b2f12f2dde",
    "data": [
      {
        "text": "that\u0027s all for now",
        "userDefined": false
      }
    ],
    "isTemplate": false,
    "count": 0,
    "lang": "en",
    "updated": 0
  },
  {
    "id": "737025cb-23c0-4be4-8906-fb0c894d1b77",
    "data": [
      {
        "text": "til we meet again",
        "userDefined": false
      }
    ],
    "isTemplate": false,
    "count": 0,
    "lang": "en",
    "updated": 0
  },
  {
    "id": "108ed660-63b7-401b-bc1c-2c57338e81b4",
    "data": [
      {
        "text": "til next time",
        "userDefined": false
      }
    ],
    "isTemplate": false,
    "count": 0,
    "lang": "en",
    "updated": 0
  },
  {
    "id": "00ea1fb1-596c-46fc-8594-b860bba32b9e",
    "data": [
      {
        "text": "later ",
        "userDefined": false
      },
      {
        "text": "you",
        "userDefined": false
      }
    ],
    "isTemplate": false,
    "count": 0,
    "lang": "en",
    "updated": 0
  },
  {
    "id": "a632c7ce-7d7c-46c2-93e1-5147620674b7",
    "data": [
      {
        "text": "ciao",
        "userDefined": false
      }
    ],
    "isTemplate": false,
    "count": 0,
    "lang": "en",
    "updated": 0
  },
  {
    "id": "4f7897d5-a268-4d80-8cf6-ecc3cce4f749",
    "data": [
      {
        "text": "sayonara",
        "userDefined": false
      }
    ],
    "isTemplate": false,
    "count": 0,
    "lang": "en",
    "updated": 0
  },
  {
    "id": "c36f56ca-ab3c-4d8a-9232-78ef3e90e49a",
    "data": [
      {
        "text": "cheerio",
        "userDefined": false
      }
    ],
    "isTemplate": false,
    "count": 0,
    "lang": "en",
    "updated": 0
  },
  {
    "id": "82c7f651-4633-49cc-a070-5a56607b6eb2",
    "data": [
      {
        "text": "cheers",
        "userDefined": false
      }
    ],
    "isTemplate": false,
    "count": 0,
    "lang": "en",
    "updated": 0
  },
  {
    "id": "69a91bf4-a52c-43b2-a8aa-36ca80dc4d55",
    "data": [
      {
        "text": "ta ta for now",
        "userDefined": false
      }
    ],
    "isTemplate": false,
    "count": 0,
    "lang": "en",
    "updated": 0
  },
  {
    "id": "061b51d8-2b87-483c-8404-7b6770d83010",
    "data": [
      {
        "text": "adios",
        "userDefined": false
      }
    ],
    "isTemplate": false,
    "count": 0,
    "lang": "en",
    "updated": 0
  },
  {
    "id": "fe7e99d6-12b8-4ca3-b685-314a6e4a62d9",
    "data": [
      {
        "text": "asta la vista",
        "userDefined": false
      }
    ],
    "isTemplate": false,
    "count": 0,
    "lang": "en",
    "updated": 0
  },
  {
    "id": "92a70604-f2de-4d8d-af04-1138f3937407",
    "data": [
      {
        "text": "good night bye",
        "userDefined": false
      }
    ],
    "isTemplate": false,
    "count": 0,
    "lang": "en",
    "updated": 0
  },
  {
    "id": "34ebd980-0baa-47a9-aa0c-ce47658a7adc",
    "data": [
      {
        "text": "see you tomorrow",
        "userDefined": false
      }
    ],
    "isTemplate": false,
    "count": 0,
    "lang": "en",
    "updated": 0
  },
  {
    "id": "f77d9f18-06cf-4185-b39b-6f09f7fca750",
    "data": [
      {
        "text": "thanks bye",
        "userDefined": false
      }
    ],
    "isTemplate": false,
    "count": 0,
    "lang": "en",
    "updated": 0
  },
  {
    "id": "1bea995f-7ad7-4a58-af9e-4c1444198d1b",
    "data": [
      {
        "text": "thanks good night",
        "userDefined": false
      }
    ],
    "isTemplate": false,
    "count": 0,
    "lang": "en",
    "updated": 0
  },
  {
    "id": "32b71988-b9c9-4b90-8c54-ad9eb592cd37",
    "data": [
      {
        "text": "have a good night",
        "userDefined": false
      }
    ],
    "isTemplate": false,
    "count": 0,
    "lang": "en",
    "updated": 0
  },
  {
    "id": "074d1a13-57db-4abf-81b6-fca27e5ec2e7",
    "data": [
      {
        "text": "ok have a good night",
        "userDefined": false
      }
    ],
    "isTemplate": false,
    "count": 0,
    "lang": "en",
    "updated": 0
  },
  {
    "id": "4d3ffdbf-1282-45e6-871d-3a94ebc20ed9",
    "data": [
      {
        "text": "bye good night",
        "userDefined": false
      }
    ],
    "isTemplate": false,
    "count": 0,
    "lang": "en",
    "updated": 0
  },
  {
    "id": "a4e042e5-d6cf-4562-8f2a-357aadec2348",
    "data": [
      {
        "text": "sweet dreams",
        "userDefined": false
      }
    ],
    "isTemplate": false,
    "count": 0,
    "lang": "en",
    "updated": 0
  },
  {
    "id": "5b03eeb6-ae02-4146-a612-a5ef48ed6228",
    "data": [
      {
        "text": "alright good night",
        "userDefined": false
      }
    ],
    "isTemplate": false,
    "count": 0,
    "lang": "en",
    "updated": 0
  },
  {
    "id": "8d028196-7a1d-451c-9539-64d3175d3c85",
    "data": [
      {
        "text": "good night to ",
        "userDefined": false
      },
      {
        "text": "you",
        "userDefined": false
      }
    ],
    "isTemplate": false,
    "count": 1,
    "lang": "en",
    "updated": 0
  },
  {
    "id": "8f5dbc8d-c6ee-4582-aa6b-e32189c119cf",
    "data": [
      {
        "text": "goodnight now",
        "userDefined": false
      }
    ],
    "isTemplate": false,
    "count": 0,
    "lang": "en",
    "updated": 0
  },
  {
    "id": "1054c743-bfb8-423d-9127-94790ca464d5",
    "data": [
      {
        "text": "good night",
        "userDefined": false
      }
    ],
    "isTemplate": false,
    "count": 0,
    "lang": "en",
    "updated": 0
  },
  {
    "id": "ec4015ec-1ec8-4bc5-99e8-0547a382b9f0",
    "data": [
      {
        "text": "take care",
        "userDefined": false
      }
    ],
    "isTemplate": false,
    "count": 0,
    "lang": "en",
    "updated": 0
  },
  {
    "id": "b15fe7cf-9185-40d9-a273-dd76a2297763",
    "data": [
      {
        "text": "speak to ya",
        "userDefined": false
      }
    ],
    "isTemplate": false,
    "count": 0,
    "lang": "en",
    "updated": 0
  },
  {
    "id": "478e7ceb-0662-4034-b900-f7f6acdca007",
    "data": [
      {
        "text": "see you soon",
        "userDefined": false
      }
    ],
    "isTemplate": false,
    "count": 0,
    "lang": "en",
    "updated": 0
  },
  {
    "id": "46ef52b1-3fbe-46a6-9e12-d0c79e364546",
    "data": [
      {
        "text": "bye",
        "userDefined": false
      }
    ],
    "isTemplate": false,
    "count": 0,
    "lang": "en",
    "updated": 0
  },
  {
    "id": "c05bfa18-96cd-4825-a496-10bc0c63e9d6",
    "data": [
      {
        "text": "okay bye",
        "userDefined": false
      }
    ],
    "isTemplate": false,
    "count": 0,
    "lang": "en",
    "updated": 0
  },
  {
    "id": "0091c33d-c6e3-400c-a31a-346e133a1687",
    "data": [
      {
        "text": "talk to you later",
        "userDefined": false
      }
    ],
    "isTemplate": false,
    "count": 0,
    "lang": "en",
    "updated": 0
  },
  {
    "id": "afd6c3f4-6669-4578-9f85-41ef7233a603",
    "data": [
      {
        "text": "you can go now",
        "userDefined": false
      }
    ],
    "isTemplate": false,
    "count": 0,
    "lang": "en",
    "updated": 0
  },
  {
    "id": "e5558a55-f35a-4240-9aa3-4e9f24e45c51",
    "data": [
      {
        "text": "alright bye",
        "userDefined": false
      }
    ],
    "isTemplate": false,
    "count": 1,
    "lang": "en",
    "updated": 0
  },
  {
    "id": "7b6c71a9-b770-49ed-8a4e-69d91c307170",
    "data": [
      {
        "text": "get",
        "userDefined": true
      },
      {
        "text": " ",
        "userDefined": false
      },
      {
        "text": "lost",
        "userDefined": true
      }
    ],
    "isTemplate": false,
    "count": 0,
    "lang": "en",
    "updated": 0
  },
  {
    "id": "753eb99a-c520-4999-a7e1-43447b71a5da",
    "data": [
      {
        "text": "okay",
        "userDefined": true
      },
      {
        "text": " ",
        "userDefined": false
      },
      {
        "text": "thank you",
        "userDefined": true
      },
      {
        "text": " bye",
        "userDefined": false
      }
    ],
    "isTemplate": false,
    "count": 1,
    "lang": "en",
    "updated": 0
  },
  {
    "id": "45c19159-e95b-4844-ac7e-220ffaf5c59e",
    "data": [
      {
        "text": "bye bye see you soon",
        "userDefined": false
      }
    ],
    "isTemplate": false,
    "count": 0,
    "lang": "en",
    "updated": 0
  },
  {
    "id": "a68328b5-e363-45d8-9da8-7f8ebe4498a3",
    "data": [
      {
        "text": "bye bye see you",
        "userDefined": false
      }
    ],
    "isTemplate": false,
    "count": 0,
    "lang": "en",
    "updated": 0
  },
  {
    "id": "d0fd0d6f-d192-421e-9de7-7edbd78a4aa7",
    "data": [
      {
        "text": "goodbye see you later",
        "userDefined": false
      }
    ],
    "isTemplate": false,
    "count": 1,
    "lang": "en",
    "updated": 0
  },
  {
    "id": "1d4fae92-a7b1-439e-aae9-3c5f5dc33db4",
    "data": [
      {
        "text": "goodbye",
        "userDefined": false
      }
    ],
    "isTemplate": false,
    "count": 0,
    "lang": "en",
    "updated": 0
  },
  {
    "id": "8a3f7a4d-2104-4f64-ae74-1409497f2afb",
    "data": [
      {
        "text": "bye-bye",
        "userDefined": false
      }
    ],
    "isTemplate": false,
    "count": 1,
    "lang": "en",
    "updated": 0
  },
  {
    "id": "bcf0b7e0-db0e-4a7e-9c2d-01b7233f7e69",
    "data": [
      {
        "text": "hope",
        "userDefined": true
      },
      {
        "text": " to see you later",
        "userDefined": false
      }
    ],
    "isTemplate": false,
    "count": 0,
    "lang": "en",
    "updated": 0
  },
  {
    "id": "435560fe-a7ab-493d-8244-33b02be85cab",
    "data": [
      {
        "text": "thanks bye bye",
        "userDefined": false
      }
    ],
    "isTemplate": false,
    "count": 0,
    "lang": "en",
    "updated": 0
  },
  {
    "id": "c632f4bf-1b98-4e88-b330-1ad8a65cdc09",
    "data": [
      {
        "text": "leave",
        "userDefined": true
      },
      {
        "text": " me alone",
        "userDefined": false
      }
    ],
    "isTemplate": false,
    "count": 1,
    "lang": "en",
    "updated": 0
  },
  {
    "id": "59463bca-6ec3-40c1-a63b-21424412bc81",
    "data": [
      {
        "text": "goodbye for now",
        "userDefined": false
      }
    ],
    "isTemplate": false,
    "count": 1,
    "lang": "en",
    "updated": 0
  },
  {
    "id": "325a2311-51dc-4cc8-971c-a89908cd9746",
    "data": [
      {
        "text": "good",
        "userDefined": true
      },
      {
        "text": " bye",
        "userDefined": false
      }
    ],
    "isTemplate": false,
    "count": 0,
    "lang": "en",
    "updated": 0
  }
]