[
  {
    "id": "14f8a86a-fdf3-428d-b2d9-35831c4d3faa",
    "data": [
      {
        "text": "where are all?",
        "userDefined": false
      }
    ],
    "isTemplate": false,
    "count": 1,
    "lang": "en",
    "updated": 0
  },
  {
    "id": "e8464f2d-ec73-49ca-9b92-179c273d8b28",
    "data": [
      {
        "text": "Tell me where are all",
        "userDefined": false
      }
    ],
    "isTemplate": false,
    "count": 0,
    "lang": "en",
    "updated": 0
  },
  {
    "id": "7acc1dc0-5021-4767-aebd-849d3269eabe",
    "data": [
      {
        "text": "Where are all the people?",
        "userDefined": false
      }
    ],
    "isTemplate": false,
    "count": 0,
    "lang": "en",
    "updated": 0
  },
  {
    "id": "fc053e9a-4021-4480-a9fe-53d8ddf046a9",
    "data": [
      {
        "text": "Where are we?",
        "userDefined": false
      }
    ],
    "isTemplate": false,
    "count": 0,
    "lang": "en",
    "updated": 0
  }
]